{
  "signing": {
    "default": {
      "expiry": "87600h"
    },
    "profiles": {
      "kubernetes": {
        "usages": [
            "signing",
            "key encipherment",
            "server auth",
            "client auth"
        ],
        "expiry": "87600h"
      },
      "etcd-server": {
        "usages": [
            "signing",
            "key encipherment",
            "server auth",
            "client auth"
        ],
        "expiry": "87600h"
      },
      "etcd-client": {
          "usages": [
              "signing",
              "key encipherment",
              "client auth"
          ],
          "expiry": "87600h"
      }
    }
  }
}
